sku_id,week_start,horizon_week,predicted_demand,is_low_confidence
SKU0198,2026-07-27,1,159.60328161338913,False
SKU0198,2026-08-03,2,153.81039328211398,False
SKU0198,2026-08-10,3,162.0392122164181,False
SKU0198,2026-08-17,4,153.43024706996994,False
SKU0198,2026-08-24,5,157.54435325608875,False
SKU0198,2026-08-31,6,158.89034817402077,False
SKU0198,2026-09-07,7,162.54565247761894,False
SKU0198,2026-09-14,8,163.51892692428518,False
SKU0197,2026-07-27,1,14.161036517015342,False
SKU0197,2026-08-03,2,17.158534652206338,False
SKU0197,2026-08-10,3,14.575878348042165,False
SKU0197,2026-08-17,4,16.372459702613224,False
SKU0197,2026-08-24,5,14.957327551945951,False
SKU0197,2026-08-31,6,15.320091142695432,False
SKU0197,2026-09-07,7,15.603759135864928,False
SKU0197,2026-09-14,8,17.198114294652424,False
SKU0199,2026-07-27,1,12.00270431949912,False
SKU0199,2026-08-03,2,10.796998422707881,False
SKU0199,2026-08-10,3,10.012745359637195,False
SKU0199,2026-08-17,4,8.368996797334175,False
SKU0199,2026-08-24,5,10.134267525998707,False
SKU0199,2026-08-31,6,10.697486783905932,False
SKU0199,2026-09-07,7,12.793717900590664,False
SKU0199,2026-09-14,8,11.860167662824253,False
SKU0115,2026-07-27,1,35.299235016142276,False
SKU0115,2026-08-03,2,34.69921304584602,False
SKU0115,2026-08-10,3,34.4790504131053,False
SKU0115,2026-08-17,4,33.90333736107133,False
SKU0115,2026-08-24,5,35.32963529341102,False
SKU0115,2026-08-31,6,33.90333736107133,False
SKU0115,2026-09-07,7,33.8296475048811,False
SKU0115,2026-09-14,8,36.32637432650598,False
SKU0195,2026-07-27,1,214.7196723041381,False
SKU0195,2026-08-03,2,226.4871265001701,False
SKU0195,2026-08-10,3,224.96880581037695,False
SKU0195,2026-08-17,4,235.68826284785243,False
SKU0195,2026-08-24,5,245.28698685345324,False
SKU0195,2026-08-31,6,235.7617898741226,False
SKU0195,2026-09-07,7,235.13064875067985,False
SKU0195,2026-09-14,8,231.20253047210846,False
SKU0085,2026-07-27,1,21.760412675544792,False
SKU0085,2026-08-03,2,22.119810419718227,False
SKU0085,2026-08-10,3,20.002028070737005,False
SKU0085,2026-08-17,4,20.58421857765217,False
SKU0085,2026-08-24,5,20.755843605739,False
SKU0085,2026-08-31,6,20.182999204318733,False
SKU0085,2026-09-07,7,21.96893430057416,False
SKU0085,2026-09-14,8,22.03888357898187,False
SKU0084,2026-07-27,1,38.49007157788765,False
SKU0084,2026-08-03,2,37.37650402061317,False
SKU0084,2026-08-10,3,34.364091069995844,False
SKU0084,2026-08-17,4,35.06271273966259,False
SKU0084,2026-08-24,5,36.86419449801443,False
SKU0084,2026-08-31,6,38.248077488583746,False
SKU0084,2026-09-07,7,39.78066820290274,False
SKU0084,2026-09-14,8,40.58061786053804,False
SKU0083,2026-07-27,1,37.80069969155719,False
SKU0083,2026-08-03,2,36.45035052970148,False
SKU0083,2026-08-10,3,33.304304818082294,False
SKU0083,2026-08-17,4,37.96809869546156,False
SKU0083,2026-08-24,5,39.10111613647447,False
SKU0083,2026-08-31,6,37.78942475565138,False
SKU0083,2026-09-07,7,38.06958536860642,False
SKU0083,2026-09-14,8,38.14704791188357,False
SKU0082,2026-07-27,1,47.073948048738224,False
SKU0082,2026-08-03,2,53.44175875806521,False
SKU0082,2026-08-10,3,53.242594146807804,False
SKU0082,2026-08-17,4,54.68215222386477,False
SKU0082,2026-08-24,5,62.687069531389824,False
SKU0082,2026-08-31,6,60.252901735247505,False
SKU0082,2026-09-07,7,53.694677760942916,False
SKU0082,2026-09-14,8,56.265564679272295,False
SKU0018,2026-07-27,1,20.543179855752697,False
SKU0018,2026-08-03,2,23.58358858168815,False
SKU0018,2026-08-10,3,22.56283228846905,False
SKU0018,2026-08-17,4,23.25347198577649,False
SKU0018,2026-08-24,5,24.86654786652611,False
SKU0018,2026-08-31,6,23.16044162377667,False
SKU0018,2026-09-07,7,20.15801775638502,False
SKU0018,2026-09-14,8,25.254328304713088,False
SKU0081,2026-07-27,1,37.80777149596075,False
SKU0081,2026-08-03,2,42.14964193126698,False
SKU0081,2026-08-10,3,37.90209302014939,False
SKU0081,2026-08-17,4,39.02901464538691,False
SKU0081,2026-08-24,5,37.21088961036863,False
SKU0081,2026-08-31,6,38.73977751303446,False
SKU0081,2026-09-07,7,40.10047182446536,False
SKU0081,2026-09-14,8,40.10047182446536,False
SKU0080,2026-07-27,1,43.36186291148636,False
SKU0080,2026-08-03,2,46.23017355941992,False
SKU0080,2026-08-10,3,41.46918247139185,False
SKU0080,2026-08-17,4,41.28567361715334,False
SKU0080,2026-08-24,5,40.95160308992538,False
SKU0080,2026-08-31,6,41.13128718616999,False
SKU0080,2026-09-07,7,44.72756456978393,False
SKU0080,2026-09-14,8,45.052157647914875,False
SKU0086,2026-07-27,1,8.768606734284273,False
SKU0086,2026-08-03,2,8.29462112709198,False
SKU0086,2026-08-10,3,9.843609866716859,False
SKU0086,2026-08-17,4,7.104464962775266,False
SKU0086,2026-08-24,5,7.794353601036814,False
SKU0086,2026-08-31,6,7.2709302190840415,False
SKU0086,2026-09-07,7,7.195848824444084,False
SKU0086,2026-09-14,8,6.112827607940404,False
SKU0079,2026-07-27,1,150.44302591532633,False
SKU0079,2026-08-03,2,171.37274928125206,False
SKU0079,2026-08-10,3,160.73940002971642,False
SKU0079,2026-08-17,4,163.1876449944022,False
SKU0079,2026-08-24,5,165.5719216763897,False
SKU0079,2026-08-31,6,173.73520151162973,False
SKU0079,2026-09-07,7,200.70638852723002,False
SKU0079,2026-09-14,8,167.78403614955488,False
SKU0077,2026-07-27,1,591.7357821701714,False
SKU0077,2026-08-03,2,535.7484241783075,False
SKU0077,2026-08-10,3,500.23795879050294,False
SKU0077,2026-08-17,4,742.5247799153651,False
SKU0077,2026-08-24,5,555.3197894968367,False
SKU0077,2026-08-31,6,638.3023418668362,False
SKU0077,2026-09-07,7,777.6149553684196,False
SKU0077,2026-09-14,8,685.5847609929813,False
SKU0076,2026-07-27,1,137.17261093047767,False
SKU0076,2026-08-03,2,125.96052038996756,False
SKU0076,2026-08-10,3,126.81999880839126,False
SKU0076,2026-08-17,4,127.59679179602658,False
SKU0076,2026-08-24,5,123.7670547610922,False
SKU0076,2026-08-31,6,136.3984019816698,False
SKU0076,2026-09-07,7,126.19177165827725,False
SKU0076,2026-09-14,8,129.04272739392528,False
SKU0075,2026-07-27,1,45.35512958399773,False
SKU0075,2026-08-03,2,44.60627056021393,False
SKU0075,2026-08-10,3,48.61441614371854,False
SKU0075,2026-08-17,4,46.35450829215517,False
SKU0075,2026-08-24,5,46.14651451422343,False
SKU0075,2026-08-31,6,42.324306962565515,False
SKU0075,2026-09-07,7,45.58317229500651,False
SKU0075,2026-09-14,8,42.0806086346082,False
SKU0019,2026-07-27,1,68.78660587510282,False
SKU0019,2026-08-03,2,65.26046561397987,False
SKU0019,2026-08-10,3,70.18910564251765,False
SKU0019,2026-08-17,4,63.662781226963084,False
SKU0019,2026-08-24,5,64.33565131620541,False
SKU0019,2026-08-31,6,67.37947226098302,False
SKU0019,2026-09-07,7,69.01952615060513,False
SKU0019,2026-09-14,8,65.65089582078593,False
SKU0074,2026-07-27,1,14.25532694000989,False
SKU0074,2026-08-03,2,12.337164213289906,False
SKU0074,2026-08-10,3,13.210218665567833,False
SKU0074,2026-08-17,4,13.582078139580362,False
SKU0074,2026-08-24,5,12.797825076509678,False
SKU0074,2026-08-31,6,15.658698119862134,False
SKU0074,2026-09-07,7,19.212406463328172,False
SKU0074,2026-09-14,8,12.909161810614158,False
SKU0073,2026-07-27,1,9.054590614403866,False
SKU0073,2026-08-03,2,9.300510054019885,False
SKU0073,2026-08-10,3,8.03550685141052,False
SKU0073,2026-08-17,4,8.03550685141052,False
SKU0073,2026-08-24,5,7.512083469457748,False
SKU0073,2026-08-31,6,8.03550685141052,False
SKU0073,2026-09-07,7,8.894289408927838,False
SKU0073,2026-09-14,8,9.95777619289023,False
SKU0072,2026-07-27,1,26.374873398912918,False
SKU0072,2026-08-03,2,27.945136262193422,False
SKU0072,2026-08-10,3,27.989001697481193,False
SKU0072,2026-08-17,4,27.10588070013665,False
SKU0072,2026-08-24,5,26.571153352533237,False
SKU0072,2026-08-31,6,27.945136262193422,False
SKU0072,2026-09-07,7,26.4073760351227,False
SKU0072,2026-09-14,8,28.3329167003804,False
SKU0078,2026-07-27,1,1.188681880713457,False
SKU0078,2026-08-03,2,1.4346013203294758,False
SKU0078,2026-08-10,3,1.4346013203294758,False
SKU0078,2026-08-17,4,1.4346013203294758,False
SKU0078,2026-08-24,5,1.4346013203294758,False
SKU0078,2026-08-31,6,1.4346013203294758,False
SKU0078,2026-09-07,7,1.525985181998293,False
SKU0078,2026-09-14,8,1.525985181998293,False
SKU0087,2026-07-27,1,10.417848725253423,False
SKU0087,2026-08-03,2,9.15365354168362,False
SKU0087,2026-08-10,3,10.418656744292985,False
SKU0087,2026-08-17,4,12.788169082888128,False
SKU0087,2026-08-24,5,10.032666427432446,False
SKU0087,2026-08-31,6,11.70317733341884,False
SKU0087,2026-09-07,7,12.318618241518061,False
SKU0087,2026-09-14,8,11.036239467410253,False
SKU0089,2026-07-27,1,23.719798399993845,False
SKU0089,2026-08-03,2,23.2452252412281,False
SKU0089,2026-08-10,3,24.27300526841224,False
SKU0089,2026-08-17,4,27.669167892425726,False
SKU0089,2026-08-24,5,27.43983487537498,False
SKU0089,2026-08-31,6,27.20054711399907,False
SKU0089,2026-09-07,7,24.025591825954557,False
SKU0089,2026-09-14,8,22.30065118115126,False
SKU0016,2026-07-27,1,32.174260251943906,False
SKU0016,2026-08-03,2,35.301597380785026,False
SKU0016,2026-08-10,3,35.1783576464238,False
SKU0016,2026-08-17,4,34.602921692706616,False
SKU0016,2026-08-24,5,32.65381968358769,False
SKU0016,2026-08-31,6,34.95745531221704,False
SKU0016,2026-09-07,7,31.78790372471002,False
SKU0016,2026-09-14,8,31.089228036631624,False
SKU0108,2026-07-27,1,111.26265303614434,False
SKU0108,2026-08-03,2,109.27174497087884,False
SKU0108,2026-08-10,3,128.26203201640678,False
SKU0108,2026-08-17,4,124.04361926109233,False
SKU0108,2026-08-24,5,129.18045412002053,False
SKU0108,2026-08-31,6,125.55217350736105,False
SKU0108,2026-09-07,7,124.7788673333858,False
SKU0108,2026-09-14,8,124.68624172987214,False
SKU0014,2026-07-27,1,10.732592332855466,False
SKU0014,2026-08-03,2,11.333179516752146,False
SKU0014,2026-08-10,3,11.612413237643853,False
SKU0014,2026-08-17,4,11.333179516752146,False
SKU0014,2026-08-24,5,13.243325821525199,False
SKU0014,2026-08-31,6,11.268831500489771,False
SKU0014,2026-09-07,7,12.615986277621664,False
SKU0014,2026-09-14,8,12.336752556729957,False
SKU0107,2026-07-27,1,13.525204344923111,False
SKU0107,2026-08-03,2,14.339267930414389,False
SKU0107,2026-08-10,3,15.904437929619911,False
SKU0107,2026-08-17,4,19.988553485727895,False
SKU0107,2026-08-24,5,20.97655682594493,False
SKU0107,2026-08-31,6,16.01840473395307,False
SKU0107,2026-09-07,7,23.699684955717974,False
SKU0107,2026-09-14,8,18.06024135401299,False
SKU0106,2026-07-27,1,11.57784276836413,False
SKU0106,2026-08-03,2,11.640139201568179,False
SKU0106,2026-08-10,3,14.404669557723025,False
SKU0106,2026-08-17,4,10.038249624867394,False
SKU0106,2026-08-24,5,11.656411859434236,False
SKU0106,2026-08-31,6,12.035157219127893,False
SKU0106,2026-09-07,7,12.731218801355547,False
SKU0106,2026-09-14,8,14.688337550892522,False
SKU0105,2026-07-27,1,68.70575849464754,False
SKU0105,2026-08-03,2,68.73464786878408,False
SKU0105,2026-08-10,3,65.77437603433712,False
SKU0105,2026-08-17,4,68.74028868875126,False
SKU0105,2026-08-24,5,64.12790684117124,False
SKU0105,2026-08-31,6,69.10113159736281,False
SKU0105,2026-09-07,7,69.06561939407551,False
SKU0105,2026-09-14,8,65.4842506702131,False
SKU0104,2026-07-27,1,9.806104678148111,False
SKU0104,2026-08-03,2,10.835279628396304,False
SKU0104,2026-08-10,3,11.149676971827585,False
SKU0104,2026-08-17,4,11.149676971827585,False
SKU0104,2026-08-24,5,9.16476872240991,False
SKU0104,2026-08-31,6,10.051026565325618,False
SKU0104,2026-09-07,7,12.70420689709026,False
SKU0104,2026-09-14,8,10.713439918188774,False
SKU0103,2026-07-27,1,1.9513928371232836,False
SKU0103,2026-08-03,2,1.9826143352554424,False
SKU0103,2026-08-10,3,1.9826143352554424,False
SKU0103,2026-08-17,4,1.9826143352554424,False
SKU0103,2026-08-24,5,1.9826143352554424,False
SKU0103,2026-08-31,6,1.9826143352554424,False
SKU0103,2026-09-07,7,2.2662823284249387,False
SKU0103,2026-09-14,8,2.2662823284249387,False
SKU0101,2026-07-27,1,55.912362459855494,False
SKU0101,2026-08-03,2,58.41002937344439,False
SKU0101,2026-08-10,3,57.86893353093991,False
SKU0101,2026-08-17,4,57.434555767958834,False
SKU0101,2026-08-24,5,65.85762697175063,False
SKU0101,2026-08-31,6,61.75271868554402,False
SKU0101,2026-09-07,7,67.92697813460312,False
SKU0101,2026-09-14,8,67.1488712344974,False
SKU0099,2026-07-27,1,108.19618774827765,False
SKU0099,2026-08-03,2,105.11202098379785,False
SKU0099,2026-08-10,3,101.80591273127253,False
SKU0099,2026-08-17,4,109.43757073695905,False
SKU0099,2026-08-24,5,110.2937480483718,False
SKU0099,2026-08-31,6,106.26768180815935,False
SKU0099,2026-09-07,7,105.03883877908227,False
SKU0099,2026-09-14,8,120.59742994081773,False
SKU0098,2026-07-27,1,93.23214380299903,False
SKU0098,2026-08-03,2,89.48641171472536,False
SKU0098,2026-08-10,3,84.68838630616825,False
SKU0098,2026-08-17,4,80.10524964026487,False
SKU0098,2026-08-24,5,93.27323941860236,False
SKU0098,2026-08-31,6,90.80018461005916,False
SKU0098,2026-09-07,7,86.62009744591664,False
SKU0098,2026-09-14,8,86.04929870554611,False
SKU0015,2026-07-27,1,1.9976943269248328,False
SKU0015,2026-08-03,2,2.028915825056992,False
SKU0015,2026-08-10,3,2.707250881717926,False
SKU0015,2026-08-17,4,2.028915825056992,False
SKU0015,2026-08-24,5,2.237396834755356,False
SKU0015,2026-08-31,6,2.028915825056992,False
SKU0015,2026-09-07,7,2.312583818226488,False
SKU0015,2026-09-14,8,2.312583818226488,False
SKU0097,2026-07-27,1,62.21712356025223,False
SKU0097,2026-08-03,2,61.48675001819264,False
SKU0097,2026-08-10,3,62.178615045452695,False
SKU0097,2026-08-17,4,66.4674340511741,False
SKU0097,2026-08-24,5,66.19796481144084,False
SKU0097,2026-08-31,6,64.1709753149157,False
SKU0097,2026-09-07,7,65.06834785966097,False
SKU0097,2026-09-14,8,63.567570104801604,False
SKU0096,2026-07-27,1,2.7959098131923996,False
SKU0096,2026-08-03,2,3.296985358287131,False
SKU0096,2026-08-10,3,3.296985358287131,False
SKU0096,2026-08-17,4,3.1945365205956993,False
SKU0096,2026-08-24,5,2.9860555108973372,False
SKU0096,2026-08-31,6,2.9860555108973372,False
SKU0096,2026-09-07,7,3.269723504066833,False
SKU0096,2026-09-14,8,3.269723504066833,False
SKU0095,2026-07-27,1,116.46170933891369,False
SKU0095,2026-08-03,2,119.43253183369642,False
SKU0095,2026-08-10,3,123.33977220039753,False
SKU0095,2026-08-17,4,129.0437563895619,False
SKU0095,2026-08-24,5,129.84774274176445,False
SKU0095,2026-08-31,6,131.20007259906558,False
SKU0095,2026-09-07,7,124.80829864713701,False
SKU0095,2026-09-14,8,126.26696415234322,False
SKU0094,2026-07-27,1,23.11743482777953,False
SKU0094,2026-08-03,2,25.938254828996563,False
SKU0094,2026-08-10,3,24.470730233052084,False
SKU0094,2026-08-17,4,20.630515856250284,False
SKU0094,2026-08-24,5,20.80636724590311,False
SKU0094,2026-08-31,6,20.47391603535528,False
SKU0094,2026-09-07,7,22.62000233051222,False
SKU0094,2026-09-14,8,18.060001874780028,False
SKU0093,2026-07-27,1,35.71441734987969,False
SKU0093,2026-08-03,2,39.22677270201322,False
SKU0093,2026-08-10,3,40.695679306579024,False
SKU0093,2026-08-17,4,38.24670491640244,False
SKU0093,2026-08-24,5,37.45969309938703,False
SKU0093,2026-08-31,6,38.03065138725652,False
SKU0093,2026-09-07,7,42.12432822886076,False
SKU0093,2026-09-14,8,36.01712621337681,False
SKU0091,2026-07-27,1,35.23420694831529,False
SKU0091,2026-08-03,2,35.51598801949957,False
SKU0091,2026-08-10,3,30.345949814857963,False
SKU0091,2026-08-17,4,34.48127185490333,False
SKU0091,2026-08-24,5,34.98313550442757,False
SKU0091,2026-08-31,6,34.70395038067969,False
SKU0091,2026-09-07,7,35.49560846670768,False
SKU0091,2026-09-14,8,35.889112588443794,False
SKU0071,2026-07-27,1,1.8067532653146696,False
SKU0071,2026-08-03,2,1.8379747634468293,False
SKU0071,2026-08-10,3,1.8379747634468293,False
SKU0071,2026-08-17,4,1.8379747634468293,False
SKU0071,2026-08-24,5,1.8379747634468293,False
SKU0071,2026-08-31,6,1.8379747634468293,False
SKU0071,2026-09-07,7,2.1216427566163243,False
SKU0071,2026-09-14,8,2.1216427566163243,False
SKU0070,2026-07-27,1,1.2401908233640446,False
SKU0070,2026-08-03,2,1.6276277684600606,False
SKU0070,2026-08-10,3,1.6276277684600606,False
SKU0070,2026-08-17,4,1.6276277684600606,False
SKU0070,2026-08-24,5,1.6276277684600606,False
SKU0070,2026-08-31,6,1.6276277684600606,False
SKU0070,2026-09-07,7,1.911295761629556,False
SKU0070,2026-09-14,8,1.911295761629556,False
SKU0069,2026-07-27,1,32.88601481662302,False
SKU0069,2026-08-03,2,29.639300436806135,False
SKU0069,2026-08-10,3,29.348741821790856,False
SKU0069,2026-08-17,4,31.068662528809323,False
SKU0069,2026-08-24,5,28.604921706293435,False
SKU0069,2026-08-31,6,32.559787302611255,False
SKU0069,2026-09-07,7,31.165149271482345,False
SKU0069,2026-09-14,8,33.05909666613993,False
SKU0066,2026-07-27,1,11.206934554556325,False
SKU0066,2026-08-03,2,12.158558097904365,False
SKU0066,2026-08-10,3,9.761256259428531,False
SKU0066,2026-08-17,4,11.431767165414925,False
SKU0066,2026-08-24,5,12.414633275248889,False
SKU0066,2026-08-31,6,11.746164508846206,False
SKU0066,2026-09-07,7,12.419067547526678,False
SKU0066,2026-09-14,8,12.029832502015703,False
SKU0045,2026-07-27,1,16.59798651362411,False
SKU0045,2026-08-03,2,19.325760829637534,False
SKU0045,2026-08-10,3,15.952868013170125,False
SKU0045,2026-08-17,4,14.646842458537387,False
SKU0045,2026-08-24,5,15.664538409015371,False
SKU0045,2026-08-31,6,15.952868013170125,False
SKU0045,2026-09-07,7,14.087133125301968,False
SKU0045,2026-09-14,8,13.386409932089066,False
SKU0043,2026-07-27,1,44.52067588607286,False
SKU0043,2026-08-03,2,43.65129139746973,False
SKU0043,2026-08-10,3,44.60911891838526,False
SKU0043,2026-08-17,4,44.60911891838526,False
SKU0043,2026-08-24,5,42.14056285749366,False
SKU0043,2026-08-31,6,44.970789950620976,False
SKU0043,2026-09-07,7,48.603489881635205,False
SKU0043,2026-09-14,8,47.01409420403201,False
SKU0042,2026-07-27,1,61.074173541900834,False
SKU0042,2026-08-03,2,69.83804229582118,False
SKU0042,2026-08-10,3,68.23928349124188,False
SKU0042,2026-08-17,4,69.51630407619861,False
SKU0042,2026-08-24,5,69.25532086077736,False
SKU0042,2026-08-31,6,65.94509182446212,False
SKU0042,2026-09-07,7,69.81869944298565,False
SKU0042,2026-09-14,8,66.4780408236375,False
SKU0026,2026-07-27,1,1.259883967041532,False
SKU0026,2026-08-03,2,1.7609595121362636,False
SKU0026,2026-08-10,3,1.9694405218346263,False
SKU0026,2026-08-17,4,1.7609595121362636,False
SKU0026,2026-08-24,5,1.7609595121362636,False
SKU0026,2026-08-31,6,1.7609595121362636,False
SKU0026,2026-09-07,7,2.0446275053057588,False
SKU0026,2026-09-14,8,2.0446275053057588,False
SKU0041,2026-07-27,1,89.80412919978144,False
SKU0041,2026-08-03,2,95.12211064544786,False
SKU0041,2026-08-10,3,93.47670797782614,False
SKU0041,2026-08-17,4,95.45768128716334,False
SKU0041,2026-08-24,5,92.02959395810521,False
SKU0041,2026-08-31,6,89.1246023692579,False
SKU0041,2026-09-07,7,90.7438385085623,False
SKU0041,2026-09-14,8,90.99502651746839,False
SKU0040,2026-07-27,1,15.488021149530004,False
SKU0040,2026-08-03,2,14.022388215196504,False
SKU0040,2026-08-10,3,15.735439699909781,False
SKU0040,2026-08-17,4,14.310717819351256,False
SKU0040,2026-08-24,5,13.619584356029607,False
SKU0040,2026-08-31,6,15.735439699909781,False
SKU0040,2026-09-07,7,14.594385812520752,False
SKU0040,2026-09-14,8,13.521803145295321,False
SKU0039,2026-07-27,1,68.04707387510375,False
SKU0039,2026-08-03,2,70.9964758629429,False
SKU0039,2026-08-10,3,69.82104739317342,False
SKU0039,2026-08-17,4,64.46803158388839,False
SKU0039,2026-08-24,5,69.66948635260128,False
SKU0039,2026-08-31,6,74.72897408039843,False
SKU0039,2026-09-07,7,72.74700968214042,False
SKU0039,2026-09-14,8,68.62139692168164,False
SKU0038,2026-07-27,1,74.18052184990898,False
SKU0038,2026-08-03,2,94.12311493804404,False
SKU0038,2026-08-10,3,86.86070440129622,False
SKU0038,2026-08-17,4,74.05604460202542,False
SKU0038,2026-08-24,5,74.4815553258635,False
SKU0038,2026-08-31,6,80.29482304040525,False
SKU0038,2026-09-07,7,89.43808843964699,False
SKU0038,2026-09-14,8,79.66157018745294,False
SKU0037,2026-07-27,1,21.426719902739123,False
SKU0037,2026-08-03,2,22.240783488230395,False
SKU0037,2026-08-10,3,21.509754506876398,False
SKU0037,2026-08-17,4,22.412408516317225,False
SKU0037,2026-08-24,5,22.059812354648667,False
SKU0037,2026-08-31,6,23.433164809536326,False
SKU0037,2026-09-07,7,22.21568813862933,False
SKU0037,2026-09-14,8,25.388773515776435,False
SKU0035,2026-07-27,1,2.088492708268385,False
SKU0035,2026-08-03,2,2.119714206400544,False
SKU0035,2026-08-10,3,2.119714206400544,False
SKU0035,2026-08-17,4,2.3281952160989077,False
SKU0035,2026-08-24,5,2.119714206400544,False
SKU0035,2026-08-31,6,2.119714206400544,False
SKU0035,2026-09-07,7,2.4033821995700397,False
SKU0035,2026-09-14,8,2.6118632092684035,False
SKU0033,2026-07-27,1,2.6184923723097393,False
SKU0033,2026-08-03,2,2.911086907706109,False
SKU0033,2026-08-10,3,3.1195679174044706,False
SKU0033,2026-08-17,4,3.6429912993572313,False
SKU0033,2026-08-24,5,2.911086907706109,False
SKU0033,2026-08-31,6,3.1195679174044706,False
SKU0033,2026-09-07,7,3.4032359105739665,False
SKU0033,2026-09-14,8,3.4032359105739665,False
SKU0027,2026-07-27,1,37.07724909019097,False
SKU0027,2026-08-03,2,35.97959058151956,False
SKU0027,2026-08-10,3,34.72570437410498,False
SKU0027,2026-08-17,4,37.06855424897896,False
SKU0027,2026-08-24,5,35.00004959914565,False
SKU0027,2026-08-31,6,36.23822239323416,False
SKU0027,2026-09-07,7,30.500153537783067,False
SKU0027,2026-09-14,8,37.334592864182746,False
SKU0032,2026-07-27,1,15.71173698203952,False
SKU0032,2026-08-03,2,20.148735641566166,False
SKU0032,2026-08-10,3,20.4184711692346,False
SKU0032,2026-08-17,4,13.280831060591709,False
SKU0032,2026-08-24,5,17.80563797413214,False
SKU0032,2026-08-31,6,18.093967578286897,False
SKU0032,2026-09-07,7,15.333273243661212,False
SKU0032,2026-09-14,8,17.967329745730936,False
SKU0031,2026-07-27,1,44.64268597041375,False
SKU0031,2026-08-03,2,40.64585042174841,False
SKU0031,2026-08-10,3,43.14023702239076,False
SKU0031,2026-08-17,4,42.1139809184969,False
SKU0031,2026-08-24,5,40.28265747126529,False
SKU0031,2026-08-31,6,41.04272131778233,False
SKU0031,2026-09-07,7,44.92419083023422,False
SKU0031,2026-09-14,8,42.991298503511295,False
SKU0030,2026-07-27,1,130.132557877156,False
SKU0030,2026-08-03,2,136.0403156512573,False
SKU0030,2026-08-10,3,140.36151315344478,False
SKU0030,2026-08-17,4,129.47406566459463,False
SKU0030,2026-08-24,5,127.18317836905193,False
SKU0030,2026-08-31,6,131.57656796411047,False
SKU0030,2026-09-07,7,131.8115605858611,False
SKU0030,2026-09-14,8,133.5021169189589,False
SKU0029,2026-07-27,1,104.15567066428771,False
SKU0029,2026-08-03,2,95.42814667419978,False
SKU0029,2026-08-10,3,91.75526919969744,False
SKU0029,2026-08-17,4,103.28234352526646,False
SKU0029,2026-08-24,5,100.43208538856804,False
SKU0029,2026-08-31,6,94.82258505162338,False
SKU0029,2026-09-07,7,95.61683695866239,False
SKU0029,2026-09-14,8,96.6177253658517,False
SKU0028,2026-07-27,1,33.762956609217674,False
SKU0028,2026-08-03,2,29.944123002332514,False
SKU0028,2026-08-10,3,29.52986946787636,False
SKU0028,2026-08-17,4,30.79116384072598,False
SKU0028,2026-08-24,5,30.34371210321534,False
SKU0028,2026-08-31,6,33.21521526086332,False
SKU0028,2026-09-07,7,32.52553541936372,False
SKU0028,2026-09-14,8,30.11457836648914,False
SKU0046,2026-07-27,1,19.228111903866044,False
SKU0046,2026-08-03,2,20.226467057426838,False
SKU0046,2026-08-10,3,20.352632822882697,False
SKU0046,2026-08-17,4,22.06710586095466,False
SKU0046,2026-08-24,5,18.525085009021893,False
SKU0046,2026-08-31,6,17.004663713926696,False
SKU0046,2026-09-07,7,21.352733008583453,False
SKU0046,2026-09-14,8,18.403777011132465,False
SKU0110,2026-07-27,1,125.17009763887359,False
SKU0110,2026-08-03,2,136.24429110678287,False
SKU0110,2026-08-10,3,143.0741687669749,False
SKU0110,2026-08-17,4,147.58057629347624,False
SKU0110,2026-08-24,5,147.5583070480273,False
SKU0110,2026-08-31,6,152.84456730221487,False
SKU0110,2026-09-07,7,146.3032571631476,False
SKU0110,2026-09-14,8,143.5857311951029,False
SKU0047,2026-07-27,1,70.3036300060308,False
SKU0047,2026-08-03,2,66.75800239549862,False
SKU0047,2026-08-10,3,59.85807084096821,False
SKU0047,2026-08-17,4,67.72857057375153,False
SKU0047,2026-08-24,5,71.47135985297871,False
SKU0047,2026-08-31,6,72.17232728597294,False
SKU0047,2026-09-07,7,67.76144117668866,False
SKU0047,2026-09-14,8,67.76144117668866,False
SKU0049,2026-07-27,1,63.291857823866664,False
SKU0049,2026-08-03,2,54.257311510814496,False
SKU0049,2026-08-10,3,54.257048749630066,False
SKU0049,2026-08-17,4,54.40170357171177,False
SKU0049,2026-08-24,5,50.16790637156727,False
SKU0049,2026-08-31,6,52.22099530630653,False
SKU0049,2026-09-07,7,57.87879291535744,False
SKU0049,2026-09-14,8,61.29576705072906,False
SKU0020,2026-07-27,1,3.085055905652208,False
SKU0020,2026-08-03,2,2.978751148161201,False
SKU0020,2026-08-10,3,2.5088971011986287,False
SKU0020,2026-08-17,4,3.240801492849755,False
SKU0020,2026-08-24,5,2.978751148161201,False
SKU0020,2026-08-31,6,3.710655539812325,False
SKU0020,2026-09-07,7,3.262419141330697,False
SKU0020,2026-09-14,8,3.262419141330697,False
SKU0065,2026-07-27,1,39.00558841304379,False
SKU0065,2026-08-03,2,37.59162722213736,False
SKU0065,2026-08-10,3,35.61987043081698,False
SKU0065,2026-08-17,4,34.71172699531177,False
SKU0065,2026-08-24,5,37.358985703210465,False
SKU0065,2026-08-31,6,36.80366158472914,False
SKU0065,2026-09-07,7,38.13499177344039,False
SKU0065,2026-09-14,8,38.91451009056338,False
SKU0064,2026-07-27,1,16.850026764446167,False
SKU0064,2026-08-03,2,19.666934279452125,False
SKU0064,2026-08-10,3,14.853797761756933,False
SKU0064,2026-08-17,4,19.378604675297368,False
SKU0064,2026-08-24,5,19.666934279452125,False
SKU0064,2026-08-31,6,17.351102309540895,False
SKU0064,2026-09-07,7,19.950602272621616,False
SKU0064,2026-09-14,8,17.506978093521553,False
SKU0063,2026-07-27,1,125.0972765228756,False
SKU0063,2026-08-03,2,130.625453759432,False
SKU0063,2026-08-10,3,125.22704322365126,False
SKU0063,2026-08-17,4,113.24955646771512,False
SKU0063,2026-08-24,5,118.35991739237427,False
SKU0063,2026-08-31,6,115.49894143739142,False
SKU0063,2026-09-07,7,121.19617393463626,False
SKU0063,2026-09-14,8,121.51318320243028,False
SKU0061,2026-07-27,1,181.2283928398053,False
SKU0061,2026-08-03,2,180.52573528605288,False
SKU0061,2026-08-10,3,168.31512727060414,False
SKU0061,2026-08-17,4,178.72771906750276,False
SKU0061,2026-08-24,5,200.36235595114377,False
SKU0061,2026-08-31,6,170.05995314703648,False
SKU0061,2026-09-07,7,178.9701043298805,False
SKU0061,2026-09-14,8,175.23564974233932,False
SKU0060,2026-07-27,1,26.932188534088638,False
SKU0060,2026-08-03,2,27.146012517540047,False
SKU0060,2026-08-10,3,28.633280037824203,False
SKU0060,2026-08-17,4,29.821693203233487,False
SKU0060,2026-08-24,5,29.821693203233487,False
SKU0060,2026-08-31,6,29.343307366114924,False
SKU0060,2026-09-07,7,31.27197247355292,False
SKU0060,2026-09-14,8,32.51408904670691,False
SKU0059,2026-07-27,1,40.864807758808105,False
SKU0059,2026-08-03,2,44.78701229963798,False
SKU0059,2026-08-10,3,48.294765568827884,False
SKU0059,2026-08-17,4,47.34538461742443,False
SKU0059,2026-08-24,5,45.087337411872944,False
SKU0059,2026-08-31,6,49.74814222376269,False
SKU0059,2026-09-07,7,52.65758422024334,False
SKU0059,2026-09-14,8,51.86124536777417,False
SKU0021,2026-07-27,1,40.358966539370044,False
SKU0021,2026-08-03,2,46.97249264116041,False
SKU0021,2026-08-10,3,46.56124582818446,False
SKU0021,2026-08-17,4,42.16517762624008,False
SKU0021,2026-08-24,5,41.801984675756955,False
SKU0021,2026-08-31,6,40.219869689622996,False
SKU0021,2026-09-07,7,44.96800259801201,False
SKU0021,2026-09-14,8,43.56584057517964,False
SKU0057,2026-07-27,1,55.17104011174318,False
SKU0057,2026-08-03,2,63.730404608960804,False
SKU0057,2026-08-10,3,58.04092896468038,False
SKU0057,2026-08-17,4,53.76767960299342,False
SKU0057,2026-08-24,5,54.65988196515246,False
SKU0057,2026-08-31,6,47.971558778050635,False
SKU0057,2026-09-07,7,55.35770553966998,False
SKU0057,2026-09-14,8,58.25016850293509,False
SKU0056,2026-07-27,1,45.54078556730072,False
SKU0056,2026-08-03,2,41.524770012678324,False
SKU0056,2026-08-10,3,39.79721538819678,False
SKU0056,2026-08-17,4,39.832430929945524,False
SKU0056,2026-08-24,5,40.5859341630989,False
SKU0056,2026-08-31,6,43.028647107722016,False
SKU0056,2026-09-07,7,42.00931562532025,False
SKU0056,2026-09-14,8,40.377493431557276,False
SKU0055,2026-07-27,1,171.28031257991452,False
SKU0055,2026-08-03,2,173.51955220845818,False
SKU0055,2026-08-10,3,169.20957926689601,False
SKU0055,2026-08-17,4,176.99248763495834,False
SKU0055,2026-08-24,5,185.7153906618782,False
SKU0055,2026-08-31,6,171.71072229325142,False
SKU0055,2026-09-07,7,200.88837747614454,False
SKU0055,2026-09-14,8,199.85713117405115,False
SKU0054,2026-07-27,1,13.456011496770266,False
SKU0054,2026-08-03,2,12.37063354851883,False
SKU0054,2026-08-10,3,9.736807374446256,False
SKU0054,2026-08-17,4,11.146488599314734,False
SKU0054,2026-08-24,5,11.525233959008391,False
SKU0054,2026-08-31,6,11.130215941448677,False
SKU0054,2026-09-07,7,11.501390494427731,False
SKU0054,2026-09-14,8,11.413883934618173,False
SKU0053,2026-07-27,1,3.3225388786050334,False
SKU0053,2026-08-03,2,3.424715130812389,False
SKU0053,2026-08-10,3,3.5271639685038196,False
SKU0053,2026-08-17,4,4.259068360154943,False
SKU0053,2026-08-24,5,3.5271639685038196,False
SKU0053,2026-08-31,6,3.5271639685038196,False
SKU0053,2026-09-07,7,3.688855740102617,False
SKU0053,2026-09-14,8,4.420760131753742,False
SKU0052,2026-07-27,1,34.51702224326275,False
SKU0052,2026-08-03,2,33.144859699150345,False
SKU0052,2026-08-10,3,29.813778840290055,False
SKU0052,2026-08-17,4,32.100904837716136,False
SKU0052,2026-08-24,5,32.297833298141946,False
SKU0052,2026-08-31,6,32.297833298141946,False
SKU0052,2026-09-07,7,34.64933258916684,False
SKU0052,2026-09-14,8,43.26556397988647,False
SKU0051,2026-07-27,1,23.354532763008557,False
SKU0051,2026-08-03,2,24.718774187411533,False
SKU0051,2026-08-10,3,25.792797934385206,False
SKU0051,2026-08-17,4,24.562252614220462,False
SKU0051,2026-08-24,5,25.052761934609478,False
SKU0051,2026-08-31,6,25.792797934385206,False
SKU0051,2026-09-07,7,26.90354373874294,False
SKU0051,2026-09-14,8,23.919631802300838,False
SKU0050,2026-07-27,1,9.381607515838775,False
SKU0050,2026-08-03,2,10.29507664999166,False
SKU0050,2026-08-10,3,7.927791220062601,False
SKU0050,2026-08-17,4,7.927791220062601,False
SKU0050,2026-08-24,5,8.617679858324141,False
SKU0050,2026-08-31,6,10.29507664999166,False
SKU0050,2026-09-07,7,10.166351054103002,False
SKU0050,2026-09-14,8,8.901347851493638,False
SKU0024,2026-07-27,1,3.274541163589479,False
SKU0024,2026-08-03,2,3.4791662534882657,False
SKU0024,2026-08-10,3,3.7756167086842107,False
SKU0024,2026-08-17,4,3.9840977183825728,False
SKU0024,2026-08-24,5,3.6876472631866273,False
SKU0024,2026-08-31,6,3.6876472631866273,False
SKU0024,2026-09-07,7,3.971315256356123,False
SKU0024,2026-09-14,8,3.7628342466577616,False
SKU0048,2026-07-27,1,1.3619634801922993,False
SKU0048,2026-08-03,2,2.5949434169381553,False
SKU0048,2026-08-10,3,1.8630390252870308,False
SKU0048,2026-08-17,4,1.8630390252870308,False
SKU0048,2026-08-24,5,1.8630390252870308,False
SKU0048,2026-08-31,6,1.8630390252870308,False
SKU0048,2026-09-07,7,2.1467070184565262,False
SKU0048,2026-09-14,8,2.1467070184565262,False
SKU0111,2026-07-27,1,28.579406261806927,False
SKU0111,2026-08-03,2,30.80883550210942,False
SKU0111,2026-08-10,3,27.769749948430732,False
SKU0111,2026-08-17,4,29.708655873218486,False
SKU0111,2026-08-24,5,27.35138788713201,False
SKU0111,2026-08-31,6,32.76082587425267,False
SKU0111,2026-09-07,7,26.851142146941303,False
SKU0111,2026-09-14,8,32.94907931223369,False
SKU0112,2026-07-27,1,10.614832565214144,False
SKU0112,2026-08-03,2,8.989482355411203,False
SKU0112,2026-08-10,3,8.610736995717547,False
SKU0112,2026-08-17,4,8.610736995717547,False
SKU0112,2026-08-24,5,10.159725735342429,False
SKU0112,2026-08-31,6,8.110469469662378,False
SKU0112,2026-09-07,7,10.07153425449939,False
SKU0112,2026-09-14,8,9.659140665441235,False
SKU0113,2026-07-27,1,28.719783603637506,False
SKU0113,2026-08-03,2,27.483997230347864,False
SKU0113,2026-08-10,3,30.400287893420387,False
SKU0113,2026-08-17,4,27.944240650084527,False
SKU0113,2026-08-24,5,26.753010601365116,False
SKU0113,2026-08-31,6,28.61610534549268,False
SKU0113,2026-09-07,7,27.1407910395521,False
SKU0113,2026-09-14,8,28.332021088271507,False
SKU0172,2026-07-27,1,30.423150729986432,False
SKU0172,2026-08-03,2,31.011632858167047,False
SKU0172,2026-08-10,3,32.59369997101408,False
SKU0172,2026-08-17,4,29.413263548091564,False
SKU0172,2026-08-24,5,33.415857707910895,False
SKU0172,2026-08-31,6,31.590012435576067,False
SKU0172,2026-09-07,7,33.407344971407554,False
SKU0172,2026-09-14,8,32.42780398903364,False
SKU0171,2026-07-27,1,4.286004257159269,False
SKU0171,2026-08-03,2,4.179699499668263,False
SKU0171,2026-08-10,3,4.179699499668263,False
SKU0171,2026-08-17,4,4.490629347058056,False
SKU0171,2026-08-24,5,4.787079802254001,False
SKU0171,2026-08-31,6,4.055175410602877,False
SKU0171,2026-09-07,7,4.3388434037723735,False
SKU0171,2026-09-14,8,4.3388434037723735,False
SKU0170,2026-07-27,1,10.574909668525832,False
SKU0170,2026-08-03,2,9.320254130311477,False
SKU0170,2026-08-10,3,10.206511973227185,False
SKU0170,2026-08-17,4,11.269998757189578,False
SKU0170,2026-08-24,5,11.08552485897601,False
SKU0170,2026-08-31,6,11.08552485897601,False
SKU0170,2026-09-07,7,11.369192852145506,False
SKU0170,2026-09-14,8,11.694079881394103,False
SKU0005,2026-07-27,1,44.96843015994908,False
SKU0005,2026-08-03,2,45.668861129258666,False
SKU0005,2026-08-10,3,45.668861129258666,False
SKU0005,2026-08-17,4,45.668861129258666,False
SKU0005,2026-08-24,5,45.358828345998255,False
SKU0005,2026-08-31,6,45.82324756024202,False
SKU0005,2026-09-07,7,46.09813056294658,False
SKU0005,2026-09-14,8,48.75517366214264,False
SKU0169,2026-07-27,1,22.88035532955245,False
SKU0169,2026-08-03,2,23.478672996013376,False
SKU0169,2026-08-10,3,26.69269967931619,False
SKU0169,2026-08-17,4,28.91586965978468,False
SKU0169,2026-08-24,5,27.90166653066463,False
SKU0169,2026-08-31,6,34.21802262310266,False
SKU0169,2026-09-07,7,29.909300366196213,False
SKU0169,2026-09-14,8,29.033269595781686,False
SKU0168,2026-07-27,1,22.123628867930314,False
SKU0168,2026-08-03,2,22.754482674118183,False
SKU0168,2026-08-10,3,18.40309716737613,False
SKU0168,2026-08-17,4,18.128994241610712,False
SKU0168,2026-08-24,5,22.817489750691717,False
SKU0168,2026-08-31,6,21.726702646934047,False
SKU0168,2026-09-07,7,24.00865640080854,False
SKU0168,2026-09-14,8,23.14666430201586,False
SKU0167,2026-07-27,1,198.03893395494669,False
SKU0167,2026-08-03,2,202.65421655320714,False
SKU0167,2026-08-10,3,202.64983407289262,False
SKU0167,2026-08-17,4,222.7435623395248,False
SKU0167,2026-08-24,5,214.8666938179604,False
SKU0167,2026-08-31,6,216.1951562066686,False
SKU0167,2026-09-07,7,215.83502730086835,False
SKU0167,2026-09-14,8,224.91568551659847,False
SKU0165,2026-07-27,1,19.82413463899525,False
SKU0165,2026-08-03,2,15.84525940993118,False
SKU0165,2026-08-10,3,21.30527318833494,False
SKU0165,2026-08-17,4,21.91182732464819,False
SKU0165,2026-08-24,5,18.214771748526307,False
SKU0165,2026-08-31,6,16.022958336688607,False
SKU0165,2026-09-07,7,17.267816150362254,False
SKU0165,2026-09-14,8,22.776229099467802,False
SKU0164,2026-07-27,1,14.400972879879536,False
SKU0164,2026-08-03,2,11.689902829540685,False
SKU0164,2026-08-10,3,12.665883053693523,False
SKU0164,2026-08-17,4,11.997414287290841,False
SKU0164,2026-08-24,5,15.280793784667924,False
SKU0164,2026-08-31,6,11.997414287290841,False
SKU0164,2026-09-07,7,14.778386828244306,False
SKU0164,2026-09-14,8,15.98696823186204,False
SKU0163,2026-07-27,1,1.188681880713457,False
SKU0163,2026-08-03,2,1.4346013203294758,False
SKU0163,2026-08-10,3,1.4346013203294758,False
SKU0163,2026-08-17,4,1.4346013203294758,False
SKU0163,2026-08-24,5,1.4346013203294758,False
SKU0163,2026-08-31,6,1.4346013203294758,False
SKU0163,2026-09-07,7,1.5962930919282734,False
SKU0163,2026-09-14,8,1.5962930919282734,False
SKU0162,2026-07-27,1,25.605468841316267,False
SKU0162,2026-08-03,2,24.004722782460323,False
SKU0162,2026-08-10,3,23.49164920389943,False
SKU0162,2026-08-17,4,22.062649803381852,False
SKU0162,2026-08-24,5,24.314365069000726,False
SKU0162,2026-08-31,6,20.229053928757537,False
SKU0162,2026-09-07,7,23.908304590208854,False
SKU0162,2026-09-14,8,20.2629534911675,False
SKU0006,2026-07-27,1,53.620166097738235,False
SKU0006,2026-08-03,2,62.30021069972437,False
SKU0006,2026-08-10,3,68.30340343980656,False
SKU0006,2026-08-17,4,68.6095787494139,False
SKU0006,2026-08-24,5,68.51601594879598,False
SKU0006,2026-08-31,6,61.00927731506877,False
SKU0006,2026-09-07,7,62.91831439639127,False
SKU0006,2026-09-14,8,68.01224143606497,False
SKU0161,2026-07-27,1,22.437093005463094,False
SKU0161,2026-08-03,2,24.458748672277757,False
SKU0161,2026-08-10,3,23.152499682223628,False
SKU0161,2026-08-17,4,22.207033406658883,False
SKU0161,2026-08-24,5,20.833680951771232,False
SKU0161,2026-08-31,6,21.746789986922227,False
SKU0161,2026-09-07,7,22.030457980091718,False
SKU0161,2026-09-14,8,22.030457980091718,False
SKU0160,2026-07-27,1,9.188572968769371,False
SKU0160,2026-08-03,2,11.343886761984438,False
SKU0160,2026-08-10,3,9.673375855998044,False
SKU0160,2026-08-17,4,10.146872732668141,False
SKU0160,2026-08-24,5,9.734479143609986,False
SKU0160,2026-08-31,6,8.44632008510302,False
SKU0160,2026-09-07,7,10.802400199850169,False
SKU0160,2026-09-14,8,11.181145559543825,False
SKU0159,2026-07-27,1,12.080502371656156,False
SKU0159,2026-08-03,2,9.411660717009303,False
SKU0159,2026-08-10,3,10.29791855992501,False
SKU0159,2026-08-17,4,10.710312148983165,False
SKU0159,2026-08-24,5,12.240418229636232,False
SKU0159,2026-08-31,6,11.176931445673835,False
SKU0159,2026-09-07,7,10.195596236233968,False
SKU0159,2026-09-14,8,13.451366417744817,False
SKU0158,2026-07-27,1,4.008227072771762,False
SKU0158,2026-08-03,2,3.170017923629633,False
SKU0158,2026-08-10,3,3.170017923629633,False
SKU0158,2026-08-17,4,3.3784989333279944,False
SKU0158,2026-08-24,5,4.212852162670549,False
SKU0158,2026-08-31,6,4.212852162670549,False
SKU0158,2026-09-07,7,4.304236024339367,False
SKU0158,2026-09-14,8,4.304236024339367,False
SKU0157,2026-07-27,1,153.22125277839208,False
SKU0157,2026-08-03,2,157.18939292388157,False
SKU0157,2026-08-10,3,161.96656222635315,False
SKU0157,2026-08-17,4,148.232057980641,False
SKU0157,2026-08-24,5,166.1657425589081,False
SKU0157,2026-08-31,6,146.96576877100944,False
SKU0157,2026-09-07,7,162.01608999867744,False
SKU0157,2026-09-14,8,150.6152161176428,False
SKU0174,2026-07-27,1,28.198821505456493,False
SKU0174,2026-08-03,2,24.877045816269753,False
SKU0174,2026-08-10,3,27.674965366526973,False
SKU0174,2026-08-17,4,24.772933371252265,False
SKU0174,2026-08-24,5,25.11259152194814,False
SKU0174,2026-08-31,6,28.512871256840036,False
SKU0174,2026-09-07,7,29.351649375671315,False
SKU0174,2026-09-14,8,25.976970377318477,False
SKU0156,2026-07-27,1,40.55702713359135,False
SKU0156,2026-08-03,2,39.58366761662387,False
SKU0156,2026-08-10,3,41.76652585251189,False
SKU0156,2026-08-17,4,37.89309173226784,False
SKU0156,2026-08-24,5,38.40599089907546,False
SKU0156,2026-08-31,6,37.81082812081082,False
SKU0156,2026-09-07,7,39.99924844381442,False
SKU0156,2026-09-14,8,39.014494032783496,False
SKU0175,2026-07-27,1,7.667675382938712,False
SKU0175,2026-08-03,2,8.728348762584357,False
SKU0175,2026-08-10,3,7.463345559974989,False
SKU0175,2026-08-17,4,6.90374772542408,False
SKU0175,2026-08-24,5,8.728348762584357,False
SKU0175,2026-08-31,6,6.939922178022223,False
SKU0175,2026-09-07,7,7.187415718593576,False
SKU0175,2026-09-14,8,6.6639923366408045,False
SKU0004,2026-07-27,1,39.34125639806156,False
SKU0004,2026-08-03,2,37.96416499185598,False
SKU0004,2026-08-10,3,37.319536048286544,False
SKU0004,2026-08-17,4,38.96171019532728,False
SKU0004,2026-08-24,5,37.96416499185598,False
SKU0004,2026-08-31,6,38.89617243439392,False
SKU0004,2026-09-07,7,39.57704166302088,False
SKU0004,2026-09-14,8,39.57704166302088,False
SKU0194,2026-07-27,1,210.7819428385556,False
SKU0194,2026-08-03,2,227.94485083056492,False
SKU0194,2026-08-10,3,217.3081701046125,False
SKU0194,2026-08-17,4,230.13090909257147,False
SKU0194,2026-08-24,5,244.77104944905403,False
SKU0194,2026-08-31,6,248.67704306580043,False
SKU0194,2026-09-07,7,248.9348488087286,False
SKU0194,2026-09-14,8,249.59985725853537,False
SKU0002,2026-07-27,1,21.285423698784232,False
SKU0002,2026-08-03,2,23.199248798271228,False
SKU0002,2026-08-10,3,20.168253647294836,False
SKU0002,2026-08-17,4,18.66381093848697,False
SKU0002,2026-08-24,5,19.561699510981587,False
SKU0002,2026-08-31,6,20.168253647294836,False
SKU0002,2026-09-07,7,23.05201938842516,False
SKU0002,2026-09-14,8,22.739779629092105,False
SKU0193,2026-07-27,1,73.66225601217957,False
SKU0193,2026-08-03,2,72.49173657878708,False
SKU0193,2026-08-10,3,76.40476251393638,False
SKU0193,2026-08-17,4,71.04744853531666,False
SKU0193,2026-08-24,5,71.16259060643931,False
SKU0193,2026-08-31,6,74.24615382680867,False
SKU0193,2026-09-07,7,71.42769228072592,False
SKU0193,2026-09-14,8,72.50877392036111,False
SKU0192,2026-07-27,1,26.81617430204015,False
SKU0192,2026-08-03,2,25.468293618865673,False
SKU0192,2026-08-10,3,24.517660401671186,False
SKU0192,2026-08-17,4,24.35746409336214,False
SKU0192,2026-08-24,5,24.471686915351945,False
SKU0192,2026-08-31,6,25.011549202847746,False
SKU0192,2026-09-07,7,27.005990874167953,False
SKU0192,2026-09-14,8,25.291115388715557,False
SKU0191,2026-07-27,1,86.24531088275648,False
SKU0191,2026-08-03,2,79.53891589111164,False
SKU0191,2026-08-10,3,93.3313001221194,False
SKU0191,2026-08-17,4,83.30150272274723,False
SKU0191,2026-08-24,5,101.21613116446858,False
SKU0191,2026-08-31,6,83.83821059039886,False
SKU0191,2026-09-07,7,96.2578299963989,False
SKU0191,2026-09-14,8,90.59356049184122,False
SKU0190,2026-07-27,1,160.9741230912699,False
SKU0190,2026-08-03,2,162.2359190134946,False
SKU0190,2026-08-10,3,157.34627369830937,False
SKU0190,2026-08-17,4,146.34824958451648,False
SKU0190,2026-08-24,5,146.47312067531274,False
SKU0190,2026-08-31,6,149.95383113135122,False
SKU0190,2026-09-07,7,156.76378370633321,False
SKU0190,2026-09-14,8,156.77506613129097,False
SKU0189,2026-07-27,1,29.57612095144645,False
SKU0189,2026-08-03,2,32.20866169032058,False
SKU0189,2026-08-10,3,29.811966673789083,False
SKU0189,2026-08-17,4,29.954731967834284,False
SKU0189,2026-08-24,5,28.728729353065756,False
SKU0189,2026-08-31,6,27.50559761309871,False
SKU0189,2026-09-07,7,29.004511804561606,False
SKU0189,2026-09-14,8,29.004511804561606,False
SKU0187,2026-07-27,1,52.4517059336684,False
SKU0187,2026-08-03,2,52.49253202127861,False
SKU0187,2026-08-10,3,50.21671517509515,False
SKU0187,2026-08-17,4,49.78565072138524,False
SKU0187,2026-08-24,5,50.62109344355946,False
SKU0187,2026-08-31,6,50.00743885960311,False
SKU0187,2026-09-07,7,48.95191875502081,False
SKU0187,2026-09-14,8,46.13509375735194,False
SKU0003,2026-07-27,1,65.78964791680733,False
SKU0003,2026-08-03,2,66.71081576944799,False
SKU0003,2026-08-10,3,74.9698918708066,False
SKU0003,2026-08-17,4,66.29406919964535,False
SKU0003,2026-08-24,5,71.09838125397785,False
SKU0003,2026-08-31,6,61.66239804124143,False
SKU0003,2026-09-07,7,71.29899558953456,False
SKU0003,2026-09-14,8,71.45102289491903,False
SKU0186,2026-07-27,1,3.476966937558432,False
SKU0186,2026-08-03,2,3.6308228072201825,False
SKU0186,2026-08-10,3,4.154246189172943,False
SKU0186,2026-08-17,4,3.4223417975218213,False
SKU0186,2026-08-24,5,3.4223417975218213,False
SKU0186,2026-08-31,6,3.4223417975218213,False
SKU0186,2026-09-07,7,4.437914182342439,False
SKU0186,2026-09-14,8,3.7060097906913168,False
SKU0185,2026-07-27,1,9.827602841291759,False
SKU0185,2026-08-03,2,7.401795121906514,False
SKU0185,2026-08-10,3,8.66679832451588,False
SKU0185,2026-08-17,4,7.961392956457428,False
SKU0185,2026-08-24,5,9.916284797328334,False
SKU0185,2026-08-31,6,8.651281594718974,False
SKU0185,2026-09-07,7,10.19995279049783,False
SKU0185,2026-09-14,8,8.93494958788847,False
SKU0183,2026-07-27,1,60.69585183426196,False
SKU0183,2026-08-03,2,65.92123271890222,False
SKU0183,2026-08-10,3,66.24205242235934,False
SKU0183,2026-08-17,4,66.12691035123669,False
SKU0183,2026-08-24,5,67.0261151110957,False
SKU0183,2026-08-31,6,63.93551909023244,False
SKU0183,2026-09-07,7,60.93733616250037,False
SKU0183,2026-09-14,8,60.711463962770374,False
SKU0182,2026-07-27,1,12.537231600098218,False
SKU0182,2026-08-03,2,13.018217868874036,False
SKU0182,2026-08-10,3,12.233964805803351,False
SKU0182,2026-08-17,4,17.976369960865895,False
SKU0182,2026-08-24,5,13.729440608514599,False
SKU0182,2026-08-31,6,13.720344725251552,False
SKU0182,2026-09-07,7,14.004012718421048,False
SKU0182,2026-09-14,8,12.940525934458663,False
SKU0181,2026-07-27,1,71.41690595993646,False
SKU0181,2026-08-03,2,71.77033991364982,False
SKU0181,2026-08-10,3,74.68154013260877,False
SKU0181,2026-08-17,4,65.70256870698411,False
SKU0181,2026-08-24,5,71.32507956625999,False
SKU0181,2026-08-31,6,73.3773671911152,False
SKU0181,2026-09-07,7,72.79756778615507,False
SKU0181,2026-09-14,8,74.34487708713856,False
SKU0180,2026-07-27,1,8.32062709030372,False
SKU0180,2026-08-03,2,8.131813997136904,False
SKU0180,2026-08-10,3,7.57221616258599,False
SKU0180,2026-08-17,4,8.023561970475031,False
SKU0180,2026-08-24,5,8.131813997136904,False
SKU0180,2026-08-31,6,9.809210788804423,False
SKU0180,2026-09-07,7,11.4338606151397,False
SKU0180,2026-09-14,8,11.53337225394165,False
SKU0178,2026-07-27,1,48.36175753757984,False
SKU0178,2026-08-03,2,48.32484397903154,False
SKU0178,2026-08-10,3,46.57770128691232,False
SKU0178,2026-08-17,4,45.904633824464014,False
SKU0178,2026-08-24,5,48.11648008349046,False
SKU0178,2026-08-31,6,43.19132204549824,False
SKU0178,2026-09-07,7,47.53408641158323,False
SKU0178,2026-09-14,8,51.03326296353374,False
SKU0177,2026-07-27,1,41.346712925553064,False
SKU0177,2026-08-03,2,40.40626241239131,False
SKU0177,2026-08-10,3,41.0015882866001,False
SKU0177,2026-08-17,4,40.16629964440917,False
SKU0177,2026-08-24,5,42.34327756355059,False
SKU0177,2026-08-31,6,40.250718490392764,False
SKU0177,2026-09-07,7,43.62292384642322,False
SKU0177,2026-09-14,8,39.540763047569335,False
SKU0176,2026-07-27,1,11.958716121736604,False
SKU0176,2026-08-03,2,14.406832449499309,False
SKU0176,2026-08-10,3,16.626725162914,False
SKU0176,2026-08-17,4,14.695162053654059,False
SKU0176,2026-08-24,5,15.712858004132046,False
SKU0176,2026-08-31,6,16.38263681219059,False
SKU0176,2026-09-07,7,15.081045529835635,False
SKU0176,2026-09-14,8,17.291842359987275,False
SKU0196,2026-07-27,1,8.892115684066013,False
SKU0196,2026-08-03,2,9.221710695335187,False
SKU0196,2026-08-10,3,10.161826868695954,False
SKU0196,2026-08-17,4,8.396556140031421,False
SKU0196,2026-08-24,5,9.661559342640786,False
SKU0196,2026-08-31,6,8.396556140031421,False
SKU0196,2026-09-07,7,10.357620924868437,False
SKU0196,2026-09-14,8,9.945227335810282,False
SKU0155,2026-07-27,1,40.54720122611806,False
SKU0155,2026-08-03,2,38.35409135060794,False
SKU0155,2026-08-10,3,38.193342003633234,False
SKU0155,2026-08-17,4,37.73795203183839,False
SKU0155,2026-08-24,5,37.22384921395245,False
SKU0155,2026-08-31,6,37.79861646488646,False
SKU0155,2026-09-07,7,42.44678510237611,False
SKU0155,2026-09-14,8,42.25258244877176,False
SKU0154,2026-07-27,1,74.96259957629294,False
SKU0154,2026-08-03,2,79.15243569984862,False
SKU0154,2026-08-10,3,80.43096894391532,False
SKU0154,2026-08-17,4,77.39171373157227,False
SKU0154,2026-08-24,5,76.20173350822259,False
SKU0154,2026-08-31,6,83.13008403315858,False
SKU0154,2026-09-07,7,86.77878571850276,False
SKU0154,2026-09-14,8,90.03391125206373,False
SKU0010,2026-07-27,1,11.783662532799818,False
SKU0010,2026-08-03,2,12.284738077894549,False
SKU0010,2026-08-10,3,13.068991140965238,False
SKU0010,2026-08-17,4,13.068991140965238,False
SKU0010,2026-08-24,5,14.654250416489685,False
SKU0010,2026-08-31,6,12.707244531919173,False
SKU0010,2026-09-07,7,12.92060461515869,False
SKU0010,2026-09-14,8,12.92060461515869,False
SKU0130,2026-07-27,1,23.04973631560853,False
SKU0130,2026-08-03,2,18.327720463348818,False
SKU0130,2026-08-10,3,16.875384192139492,False
SKU0130,2026-08-17,4,16.135907051511122,False
SKU0130,2026-08-24,5,17.72116632703557,False
SKU0130,2026-08-31,6,23.57410156591943,False
SKU0130,2026-09-07,7,19.52525561530026,False
SKU0130,2026-09-14,8,19.071631876254976,False
SKU0129,2026-07-27,1,3.4410168708949302,False
SKU0129,2026-08-03,2,4.377546352444841,False
SKU0129,2026-08-10,3,4.150573425688024,False
SKU0129,2026-08-17,4,4.673996807640786,False
SKU0129,2026-08-24,5,4.673996807640786,False
SKU0129,2026-08-31,6,3.9420924159896615,False
SKU0129,2026-09-07,7,4.0334762776584805,False
SKU0129,2026-09-14,8,4.0334762776584805,False
SKU0128,2026-07-27,1,26.377670260116204,False
SKU0128,2026-08-03,2,24.20893574362711,False
SKU0128,2026-08-10,3,23.636484645477243,False
SKU0128,2026-08-17,4,22.230774950175835,False
SKU0128,2026-08-24,5,20.857422495288183,False
SKU0128,2026-08-31,6,22.66512145960555,False
SKU0128,2026-09-07,7,24.644916853429574,False
SKU0128,2026-09-14,8,22.867767834714083,False
SKU0127,2026-07-27,1,31.709806567812414,False
SKU0127,2026-08-03,2,33.27596205766826,False
SKU0127,2026-08-10,3,31.292341950153286,False
SKU0127,2026-08-17,4,29.79175951855951,False
SKU0127,2026-08-24,5,33.48925773939361,False
SKU0127,2026-08-31,6,31.292341950153286,False
SKU0127,2026-09-07,7,33.29649050676677,False
SKU0127,2026-09-14,8,32.22527668364265,False
SKU0125,2026-07-27,1,25.812455034459457,False
SKU0125,2026-08-03,2,26.131615959071606,False
SKU0125,2026-08-10,3,24.888746570936764,False
SKU0125,2026-08-17,4,23.672356644067147,False
SKU0125,2026-08-24,5,25.73443790848189,False
SKU0125,2026-08-31,6,26.132944089935318,False
SKU0125,2026-09-07,7,25.29981671433992,False
SKU0125,2026-09-14,8,27.018852251511372,False
SKU0124,2026-07-27,1,29.5847565972498,False
SKU0124,2026-08-03,2,28.397204208645096,False
SKU0124,2026-08-10,3,29.10723153693582,False
SKU0124,2026-08-17,4,26.02901931040182,False
SKU0124,2026-08-24,5,24.872221280369658,False
SKU0124,2026-08-31,6,28.67859589834463,False
SKU0124,2026-09-07,7,29.14962228434162,False
SKU0124,2026-09-14,8,28.500077308774966,False
SKU0012,2026-07-27,1,20.261386033711112,False
SKU0012,2026-08-03,2,21.217535638152988,False
SKU0012,2026-08-10,3,19.081224481521623,False
SKU0012,2026-08-17,4,17.560803186426426,False
SKU0012,2026-08-24,5,17.560803186426426,False
SKU0012,2026-08-31,6,20.61098150183974,False
SKU0012,2026-09-07,7,18.45102531590917,False
SKU0012,2026-09-14,8,20.894649495009233,False
SKU0123,2026-07-27,1,1.188681880713457,False
SKU0123,2026-08-03,2,1.4346013203294758,False
SKU0123,2026-08-10,3,1.4346013203294758,False
SKU0123,2026-08-17,4,1.4346013203294758,False
SKU0123,2026-08-24,5,1.4346013203294758,False
SKU0123,2026-08-31,6,1.4346013203294758,False
SKU0123,2026-09-07,7,1.525985181998293,False
SKU0123,2026-09-14,8,1.525985181998293,False
SKU0122,2026-07-27,1,18.612936752276585,False
SKU0122,2026-08-03,2,17.697979977862655,False
SKU0122,2026-08-10,3,20.16012266435047,False
SKU0122,2026-08-17,4,15.346986146655283,False
SKU0122,2026-08-24,5,15.515589190149663,False
SKU0122,2026-08-31,6,17.10994434893716,False
SKU0122,2026-09-07,7,21.7948852743138,False
SKU0122,2026-09-14,8,24.289123362516072,False
SKU0121,2026-07-27,1,41.02951010001789,False
SKU0121,2026-08-03,2,41.818641455611306,False
SKU0121,2026-08-10,3,41.059605834921726,False
SKU0121,2026-08-17,4,43.60395544971155,False
SKU0121,2026-08-24,5,41.463356000812894,False
SKU0121,2026-08-31,6,41.707393552384445,False
SKU0121,2026-09-07,7,47.90382166626668,False
SKU0121,2026-09-14,8,42.240574376591354,False
SKU0120,2026-07-27,1,72.6821893627675,False
SKU0120,2026-08-03,2,68.22386896496555,False
SKU0120,2026-08-10,3,72.38897477239674,False
SKU0120,2026-08-17,4,70.00599448050525,False
SKU0120,2026-08-24,5,73.2132414387578,False
SKU0120,2026-08-31,6,72.59342477739489,False
SKU0120,2026-09-07,7,73.78334995696609,False
SKU0120,2026-09-14,8,62.12797556656086,False
SKU0118,2026-07-27,1,4.246541172951717,False
SKU0118,2026-08-03,2,4.173424115856651,False
SKU0118,2026-08-10,3,4.6968474978094115,False
SKU0118,2026-08-17,4,3.964943106158287,False
SKU0118,2026-08-24,5,4.173424115856651,False
SKU0118,2026-08-31,6,3.964943106158287,False
SKU0118,2026-09-07,7,4.4570921090261475,False
SKU0118,2026-09-14,8,4.2486110993277855,False
SKU0117,2026-07-27,1,24.571818664292024,False
SKU0117,2026-08-03,2,23.024112428060626,False
SKU0117,2026-08-10,3,22.450387309218108,False
SKU0117,2026-08-17,4,22.146743710376448,False
SKU0117,2026-08-24,5,26.20290329651345,False
SKU0117,2026-08-31,6,25.195447168720268,False
SKU0117,2026-09-07,7,28.033052562832506,False
SKU0117,2026-09-14,8,32.52011323730193,False
SKU0116,2026-07-27,1,105.03582469333351,False
SKU0116,2026-08-03,2,105.9419692213386,False
SKU0116,2026-08-10,3,104.97706886363368,False
SKU0116,2026-08-17,4,105.91236976559057,False
SKU0116,2026-08-24,5,102.67083784274246,False
SKU0116,2026-08-31,6,104.7526753904772,False
SKU0116,2026-09-07,7,113.27568752785723,False
SKU0116,2026-09-14,8,112.596876209956,False
SKU0013,2026-07-27,1,7.982031126849867,False
SKU0013,2026-08-03,2,5.896539422459051,False
SKU0013,2026-08-10,3,5.929638943515514,False
SKU0013,2026-08-17,4,6.187833372961622,False
SKU0013,2026-08-24,5,6.419962804411811,False
SKU0013,2026-08-31,6,7.1946421461248855,False
SKU0013,2026-09-07,7,7.968634000190676,False
SKU0013,2026-09-14,8,6.703630797581307,False
SKU0114,2026-07-27,1,43.705619052493866,False
SKU0114,2026-08-03,2,46.63848178953695,False
SKU0114,2026-08-10,3,41.91332512364383,False
SKU0114,2026-08-17,4,43.12509648804452,False
SKU0114,2026-08-24,5,46.113691930856504,False
SKU0114,2026-08-31,6,43.51396100475572,False
SKU0114,2026-09-07,7,48.070710670589385,False
SKU0114,2026-09-14,8,45.46354631860763,False
SKU0131,2026-07-27,1,23.538292224005442,False
SKU0131,2026-08-03,2,25.972326970689675,False
SKU0131,2026-08-10,3,28.58809783631932,False
SKU0131,2026-08-17,4,24.84545545405451,False
SKU0131,2026-08-24,5,31.096214945212854,False
SKU0131,2026-08-31,6,27.173169490940577,False
SKU0131,2026-09-07,7,26.916602045595564,False
SKU0131,2026-09-14,8,26.916602045595564,False
SKU0007,2026-07-27,1,23.407567665256146,False
SKU0007,2026-08-03,2,19.710341740193694,False
SKU0007,2026-08-10,3,22.816337194440585,False
SKU0007,2026-08-17,4,19.25009832045703,False
SKU0007,2026-08-24,5,16.709849048977357,False
SKU0007,2026-08-31,6,19.12815891656717,False
SKU0007,2026-09-07,7,19.41182690973666,False
SKU0007,2026-09-14,8,16.48944080351218,False
SKU0132,2026-07-27,1,15.911680777843241,False
SKU0132,2026-08-03,2,15.498889164156022,False
SKU0132,2026-08-10,3,13.625300284476817,False
SKU0132,2026-08-17,4,13.904534005368525,False
SKU0132,2026-08-24,5,14.82911035609748,False
SKU0132,2026-08-31,6,14.956902565286311,False
SKU0132,2026-09-07,7,13.806752794634237,False
SKU0132,2026-09-14,8,12.743266010671851,False
SKU0134,2026-07-27,1,32.36290340543555,False
SKU0134,2026-08-03,2,29.446188593629298,False
SKU0134,2026-08-10,3,26.277175426180357,False
SKU0134,2026-08-17,4,27.764442946464513,False
SKU0134,2026-08-24,5,27.213175901905622,False
SKU0134,2026-08-31,6,28.474470274755234,False
SKU0134,2026-09-07,7,29.114815429504272,False
SKU0134,2026-09-14,8,28.74027449137152,False
SKU0152,2026-07-27,1,43.22661965668714,False
SKU0152,2026-08-03,2,39.93997315453121,False
SKU0152,2026-08-10,3,41.26575355340138,False
SKU0152,2026-08-17,4,43.42144004991297,False
SKU0152,2026-08-24,5,43.692615077787224,False
SKU0152,2026-08-31,6,44.08827864929083,False
SKU0152,2026-09-07,7,47.987478523942926,False
SKU0152,2026-09-14,8,48.435435069856794,False
SKU0151,2026-07-27,1,91.7742034840995,False
SKU0151,2026-08-03,2,84.9720638738141,False
SKU0151,2026-08-10,3,85.19992601494792,False
SKU0151,2026-08-17,4,85.74976477316596,False
SKU0151,2026-08-24,5,92.83152541029389,False
SKU0151,2026-08-31,6,97.38530030728631,False
SKU0151,2026-09-07,7,88.94604322212045,False
SKU0151,2026-09-14,8,85.66731323139584,False
SKU0150,2026-07-27,1,41.251990570111346,False
SKU0150,2026-08-03,2,40.89934907777389,False
SKU0150,2026-08-10,3,37.11468064426318,False
SKU0150,2026-08-17,4,36.10675779440725,False
SKU0150,2026-08-24,5,36.003180018012145,False
SKU0150,2026-08-31,6,37.94860237535025,False
SKU0150,2026-09-07,7,37.57429621278358,False
SKU0150,2026-09-14,8,38.315832437823964,False
SKU0149,2026-07-27,1,94.936864587551,False
SKU0149,2026-08-03,2,96.45647929630773,False
SKU0149,2026-08-10,3,109.90696925078018,False
SKU0149,2026-08-17,4,102.84590854143191,False
SKU0149,2026-08-24,5,102.39234150786726,False
SKU0149,2026-08-31,6,102.00086168418164,False
SKU0149,2026-09-07,7,97.79036599798405,False
SKU0149,2026-09-14,8,96.13414043309365,False
SKU0148,2026-07-27,1,96.98730635875474,False
SKU0148,2026-08-03,2,108.78618041288219,False
SKU0148,2026-08-10,3,105.00947216873365,False
SKU0148,2026-08-17,4,104.97418208586136,False
SKU0148,2026-08-24,5,107.23338903451493,False
SKU0148,2026-08-31,6,105.88900502187914,False
SKU0148,2026-09-07,7,106.93776816471511,False
SKU0148,2026-09-14,8,114.1825132542978,False
SKU0008,2026-07-27,1,71.78666565679009,False
SKU0008,2026-08-03,2,72.72527403760738,False
SKU0008,2026-08-10,3,72.9247479137886,False
SKU0008,2026-08-17,4,72.04362195238407,False
SKU0008,2026-08-24,5,72.86896382651935,False
SKU0008,2026-08-31,6,77.68163369482998,False
SKU0008,2026-09-07,7,73.93403171200094,False
SKU0008,2026-09-14,8,74.43319621087466,False
SKU0146,2026-07-27,1,62.13254462949202,False
SKU0146,2026-08-03,2,65.50397226175005,False
SKU0146,2026-08-10,3,51.42182418330803,False
SKU0146,2026-08-17,4,53.5471750089137,False
SKU0146,2026-08-24,5,50.351208239361554,False
SKU0146,2026-08-31,6,52.21969220013096,False
SKU0146,2026-09-07,7,54.6556539201747,False
SKU0146,2026-09-14,8,55.94053235225754,False
SKU0145,2026-07-27,1,67.9669895454764,False
SKU0145,2026-08-03,2,72.88126748849986,False
SKU0145,2026-08-10,3,70.74287187447966,False
SKU0145,2026-08-17,4,71.75178921353532,False
SKU0145,2026-08-24,5,73.24590942696547,False
SKU0145,2026-08-31,6,74.21371682690355,False
SKU0145,2026-09-07,7,71.48599077387915,False
SKU0145,2026-09-14,8,76.70056208115625,False
SKU0144,2026-07-27,1,43.84162534067555,False
SKU0144,2026-08-03,2,44.742843051889935,False
SKU0144,2026-08-10,3,40.95150421412223,False
SKU0144,2026-08-17,4,40.177926906813184,False
SKU0144,2026-08-24,5,44.14951418763249,False
SKU0144,2026-08-31,6,41.863247102993675,False
SKU0144,2026-09-07,7,45.76144346805854,False
SKU0144,2026-09-14,8,42.36395676874392,False
SKU0143,2026-07-27,1,19.730580786249245,False
SKU0143,2026-08-03,2,16.883980435092738,False
SKU0143,2026-08-10,3,19.728823987526237,False
SKU0143,2026-08-17,4,17.797847593874685,False
SKU0143,2026-08-24,5,19.728823987526237,False
SKU0143,2026-08-31,6,19.93415875050605,False
SKU0143,2026-09-07,7,17.295440637451065,False
SKU0143,2026-09-14,8,17.47496145073093,False
SKU0142,2026-07-27,1,4.006140202892257,False
SKU0142,2026-08-03,2,4.734188674743806,False
SKU0142,2026-08-10,3,4.734188674743806,False
SKU0142,2026-08-17,4,4.210765292791044,False
SKU0142,2026-08-24,5,6.295642332549122,False
SKU0142,2026-08-31,6,5.030639129939751,False
SKU0142,2026-09-07,7,5.12202299160857,False
SKU0142,2026-09-14,8,5.12202299160857,False
SKU0141,2026-07-27,1,3.4203648822971946,False
SKU0141,2026-08-03,2,3.6249899721959813,False
SKU0141,2026-08-10,3,4.356894363847105,False
SKU0141,2026-08-17,4,3.6249899721959813,False
SKU0141,2026-08-24,5,3.6249899721959813,False
SKU0141,2026-08-31,6,3.833470981894343,False
SKU0141,2026-09-07,7,4.117138975063841,False
SKU0141,2026-09-14,8,3.9086579653654776,False
SKU0139,2026-07-27,1,36.006707055205474,False
SKU0139,2026-08-03,2,31.949492397392493,False
SKU0139,2026-08-10,3,34.30055725409419,False
SKU0139,2026-08-17,4,32.126667210611224,False
SKU0139,2026-08-24,5,31.427991522532814,False
SKU0139,2026-08-31,6,33.876110358401625,False
SKU0139,2026-09-07,7,35.59286822037561,False
SKU0139,2026-09-14,8,34.93574570595782,False
SKU0009,2026-07-27,1,46.82714819036526,False
SKU0009,2026-08-03,2,46.56158956752032,False
SKU0009,2026-08-10,3,46.16915613094594,False
SKU0009,2026-08-17,4,40.606302532035194,False
SKU0009,2026-08-24,5,44.04293885823801,False
SKU0009,2026-08-31,6,44.134760050590025,False
SKU0009,2026-09-07,7,42.79921189292197,False
SKU0009,2026-09-14,8,45.570658163455036,False
SKU0138,2026-07-27,1,33.525944494578525,False
SKU0138,2026-08-03,2,31.333033750020814,False
SKU0138,2026-08-10,3,32.82938010761972,False
SKU0138,2026-08-17,4,33.47187731674823,False
SKU0138,2026-08-24,5,33.06866816636388,False
SKU0138,2026-08-31,6,34.08994028806569,False
SKU0138,2026-09-07,7,29.877445611915874,False
SKU0138,2026-09-14,8,29.44375326675921,False
SKU0137,2026-07-27,1,29.414121439587177,False
SKU0137,2026-08-03,2,31.705185789531416,False
SKU0137,2026-08-10,3,34.72542845551037,False
SKU0137,2026-08-17,4,29.709982478900862,False
SKU0137,2026-08-24,5,30.642890128106526,False
SKU0137,2026-08-31,6,32.02682846212785,False
SKU0137,2026-09-07,7,30.68392995794537,False
SKU0137,2026-09-14,8,26.151331421262118,False
SKU0135,2026-07-27,1,142.59266877972772,False
SKU0135,2026-08-03,2,135.93908948195354,False
SKU0135,2026-08-10,3,148.7667243664242,False
SKU0135,2026-08-17,4,153.27607148882825,False
SKU0135,2026-08-24,5,152.2060913781076,False
SKU0135,2026-08-31,6,153.05163285234656,False
SKU0135,2026-09-07,7,149.4338206725112,False
SKU0135,2026-09-14,8,154.52719202462183,False
SKU0133,2026-07-27,1,167.44712064354158,False
SKU0133,2026-08-03,2,150.03016297702584,False
SKU0133,2026-08-10,3,159.63080889610816,False
SKU0133,2026-08-17,4,153.51303311029733,False
SKU0133,2026-08-24,5,164.41152722092787,False
SKU0133,2026-08-31,6,154.79794309173184,False
SKU0133,2026-09-07,7,170.15188144533178,False
SKU0133,2026-09-14,8,158.38369472897,False
SKU0200,2026-07-27,1,11.6387894058918,False
SKU0200,2026-08-03,2,10.986953903725931,False
SKU0200,2026-08-10,3,10.486686377670763,False
SKU0200,2026-08-17,4,8.93081175236476,False
SKU0200,2026-08-24,5,11.259301738936513,False
SKU0200,2026-08-31,6,9.309557112058416,False
SKU0200,2026-09-07,7,10.391609011146606,False
SKU0200,2026-09-14,8,8.714212219479087,False
SKU0001,2026-07-27,1,17.75,True
SKU0001,2026-08-03,2,17.75,True
SKU0001,2026-08-10,3,17.75,True
SKU0001,2026-08-17,4,17.75,True
SKU0001,2026-08-24,5,17.75,True
SKU0001,2026-08-31,6,17.75,True
SKU0001,2026-09-07,7,17.75,True
SKU0001,2026-09-14,8,17.75,True
SKU0011,2026-07-27,1,2.25,True
SKU0011,2026-08-03,2,2.25,True
SKU0011,2026-08-10,3,2.25,True
SKU0011,2026-08-17,4,2.25,True
SKU0011,2026-08-24,5,2.25,True
SKU0011,2026-08-31,6,2.25,True
SKU0011,2026-09-07,7,2.25,True
SKU0011,2026-09-14,8,2.25,True
SKU0017,2026-07-27,1,33.5,True
SKU0017,2026-08-03,2,33.5,True
SKU0017,2026-08-10,3,33.5,True
SKU0017,2026-08-17,4,33.5,True
SKU0017,2026-08-24,5,33.5,True
SKU0017,2026-08-31,6,33.5,True
SKU0017,2026-09-07,7,33.5,True
SKU0017,2026-09-14,8,33.5,True
SKU0022,2026-07-27,1,66.5,True
SKU0022,2026-08-03,2,66.5,True
SKU0022,2026-08-10,3,66.5,True
SKU0022,2026-08-17,4,66.5,True
SKU0022,2026-08-24,5,66.5,True
SKU0022,2026-08-31,6,66.5,True
SKU0022,2026-09-07,7,66.5,True
SKU0022,2026-09-14,8,66.5,True
SKU0023,2026-07-27,1,73.5,True
SKU0023,2026-08-03,2,73.5,True
SKU0023,2026-08-10,3,73.5,True
SKU0023,2026-08-17,4,73.5,True
SKU0023,2026-08-24,5,73.5,True
SKU0023,2026-08-31,6,73.5,True
SKU0023,2026-09-07,7,73.5,True
SKU0023,2026-09-14,8,73.5,True
SKU0025,2026-07-27,1,25.75,True
SKU0025,2026-08-03,2,25.75,True
SKU0025,2026-08-10,3,25.75,True
SKU0025,2026-08-17,4,25.75,True
SKU0025,2026-08-24,5,25.75,True
SKU0025,2026-08-31,6,25.75,True
SKU0025,2026-09-07,7,25.75,True
SKU0025,2026-09-14,8,25.75,True
SKU0034,2026-07-27,1,22.5,True
SKU0034,2026-08-03,2,22.5,True
SKU0034,2026-08-10,3,22.5,True
SKU0034,2026-08-17,4,22.5,True
SKU0034,2026-08-24,5,22.5,True
SKU0034,2026-08-31,6,22.5,True
SKU0034,2026-09-07,7,22.5,True
SKU0034,2026-09-14,8,22.5,True
SKU0036,2026-07-27,1,107.0,True
SKU0036,2026-08-03,2,107.0,True
SKU0036,2026-08-10,3,107.0,True
SKU0036,2026-08-17,4,107.0,True
SKU0036,2026-08-24,5,107.0,True
SKU0036,2026-08-31,6,107.0,True
SKU0036,2026-09-07,7,107.0,True
SKU0036,2026-09-14,8,107.0,True
SKU0044,2026-07-27,1,18.5,True
SKU0044,2026-08-03,2,18.5,True
SKU0044,2026-08-10,3,18.5,True
SKU0044,2026-08-17,4,18.5,True
SKU0044,2026-08-24,5,18.5,True
SKU0044,2026-08-31,6,18.5,True
SKU0044,2026-09-07,7,18.5,True
SKU0044,2026-09-14,8,18.5,True
SKU0058,2026-07-27,1,46.25,True
SKU0058,2026-08-03,2,46.25,True
SKU0058,2026-08-10,3,46.25,True
SKU0058,2026-08-17,4,46.25,True
SKU0058,2026-08-24,5,46.25,True
SKU0058,2026-08-31,6,46.25,True
SKU0058,2026-09-07,7,46.25,True
SKU0058,2026-09-14,8,46.25,True
SKU0062,2026-07-27,1,4.5,True
SKU0062,2026-08-03,2,4.5,True
SKU0062,2026-08-10,3,4.5,True
SKU0062,2026-08-17,4,4.5,True
SKU0062,2026-08-24,5,4.5,True
SKU0062,2026-08-31,6,4.5,True
SKU0062,2026-09-07,7,4.5,True
SKU0062,2026-09-14,8,4.5,True
SKU0067,2026-07-27,1,5.0,True
SKU0067,2026-08-03,2,5.0,True
SKU0067,2026-08-10,3,5.0,True
SKU0067,2026-08-17,4,5.0,True
SKU0067,2026-08-24,5,5.0,True
SKU0067,2026-08-31,6,5.0,True
SKU0067,2026-09-07,7,5.0,True
SKU0067,2026-09-14,8,5.0,True
SKU0068,2026-07-27,1,2.5,True
SKU0068,2026-08-03,2,2.5,True
SKU0068,2026-08-10,3,2.5,True
SKU0068,2026-08-17,4,2.5,True
SKU0068,2026-08-24,5,2.5,True
SKU0068,2026-08-31,6,2.5,True
SKU0068,2026-09-07,7,2.5,True
SKU0068,2026-09-14,8,2.5,True
SKU0088,2026-07-27,1,79.0,True
SKU0088,2026-08-03,2,79.0,True
SKU0088,2026-08-10,3,79.0,True
SKU0088,2026-08-17,4,79.0,True
SKU0088,2026-08-24,5,79.0,True
SKU0088,2026-08-31,6,79.0,True
SKU0088,2026-09-07,7,79.0,True
SKU0088,2026-09-14,8,79.0,True
SKU0090,2026-07-27,1,22.5,True
SKU0090,2026-08-03,2,22.5,True
SKU0090,2026-08-10,3,22.5,True
SKU0090,2026-08-17,4,22.5,True
SKU0090,2026-08-24,5,22.5,True
SKU0090,2026-08-31,6,22.5,True
SKU0090,2026-09-07,7,22.5,True
SKU0090,2026-09-14,8,22.5,True
SKU0092,2026-07-27,1,98.25,True
SKU0092,2026-08-03,2,98.25,True
SKU0092,2026-08-10,3,98.25,True
SKU0092,2026-08-17,4,98.25,True
SKU0092,2026-08-24,5,98.25,True
SKU0092,2026-08-31,6,98.25,True
SKU0092,2026-09-07,7,98.25,True
SKU0092,2026-09-14,8,98.25,True
SKU0100,2026-07-27,1,115.75,True
SKU0100,2026-08-03,2,115.75,True
SKU0100,2026-08-10,3,115.75,True
SKU0100,2026-08-17,4,115.75,True
SKU0100,2026-08-24,5,115.75,True
SKU0100,2026-08-31,6,115.75,True
SKU0100,2026-09-07,7,115.75,True
SKU0100,2026-09-14,8,115.75,True
SKU0102,2026-07-27,1,79.75,True
SKU0102,2026-08-03,2,79.75,True
SKU0102,2026-08-10,3,79.75,True
SKU0102,2026-08-17,4,79.75,True
SKU0102,2026-08-24,5,79.75,True
SKU0102,2026-08-31,6,79.75,True
SKU0102,2026-09-07,7,79.75,True
SKU0102,2026-09-14,8,79.75,True
SKU0109,2026-07-27,1,80.75,True
SKU0109,2026-08-03,2,80.75,True
SKU0109,2026-08-10,3,80.75,True
SKU0109,2026-08-17,4,80.75,True
SKU0109,2026-08-24,5,80.75,True
SKU0109,2026-08-31,6,80.75,True
SKU0109,2026-09-07,7,80.75,True
SKU0109,2026-09-14,8,80.75,True
SKU0119,2026-07-27,1,15.25,True
SKU0119,2026-08-03,2,15.25,True
SKU0119,2026-08-10,3,15.25,True
SKU0119,2026-08-17,4,15.25,True
SKU0119,2026-08-24,5,15.25,True
SKU0119,2026-08-31,6,15.25,True
SKU0119,2026-09-07,7,15.25,True
SKU0119,2026-09-14,8,15.25,True
SKU0126,2026-07-27,1,250.0,True
SKU0126,2026-08-03,2,250.0,True
SKU0126,2026-08-10,3,250.0,True
SKU0126,2026-08-17,4,250.0,True
SKU0126,2026-08-24,5,250.0,True
SKU0126,2026-08-31,6,250.0,True
SKU0126,2026-09-07,7,250.0,True
SKU0126,2026-09-14,8,250.0,True
SKU0136,2026-07-27,1,38.5,True
SKU0136,2026-08-03,2,38.5,True
SKU0136,2026-08-10,3,38.5,True
SKU0136,2026-08-17,4,38.5,True
SKU0136,2026-08-24,5,38.5,True
SKU0136,2026-08-31,6,38.5,True
SKU0136,2026-09-07,7,38.5,True
SKU0136,2026-09-14,8,38.5,True
SKU0140,2026-07-27,1,216.5,True
SKU0140,2026-08-03,2,216.5,True
SKU0140,2026-08-10,3,216.5,True
SKU0140,2026-08-17,4,216.5,True
SKU0140,2026-08-24,5,216.5,True
SKU0140,2026-08-31,6,216.5,True
SKU0140,2026-09-07,7,216.5,True
SKU0140,2026-09-14,8,216.5,True
SKU0147,2026-07-27,1,30.0,True
SKU0147,2026-08-03,2,30.0,True
SKU0147,2026-08-10,3,30.0,True
SKU0147,2026-08-17,4,30.0,True
SKU0147,2026-08-24,5,30.0,True
SKU0147,2026-08-31,6,30.0,True
SKU0147,2026-09-07,7,30.0,True
SKU0147,2026-09-14,8,30.0,True
SKU0153,2026-07-27,1,22.0,True
SKU0153,2026-08-03,2,22.0,True
SKU0153,2026-08-10,3,22.0,True
SKU0153,2026-08-17,4,22.0,True
SKU0153,2026-08-24,5,22.0,True
SKU0153,2026-08-31,6,22.0,True
SKU0153,2026-09-07,7,22.0,True
SKU0153,2026-09-14,8,22.0,True
SKU0166,2026-07-27,1,372.0,True
SKU0166,2026-08-03,2,372.0,True
SKU0166,2026-08-10,3,372.0,True
SKU0166,2026-08-17,4,372.0,True
SKU0166,2026-08-24,5,372.0,True
SKU0166,2026-08-31,6,372.0,True
SKU0166,2026-09-07,7,372.0,True
SKU0166,2026-09-14,8,372.0,True
SKU0173,2026-07-27,1,13.75,True
SKU0173,2026-08-03,2,13.75,True
SKU0173,2026-08-10,3,13.75,True
SKU0173,2026-08-17,4,13.75,True
SKU0173,2026-08-24,5,13.75,True
SKU0173,2026-08-31,6,13.75,True
SKU0173,2026-09-07,7,13.75,True
SKU0173,2026-09-14,8,13.75,True
SKU0179,2026-07-27,1,52.75,True
SKU0179,2026-08-03,2,52.75,True
SKU0179,2026-08-10,3,52.75,True
SKU0179,2026-08-17,4,52.75,True
SKU0179,2026-08-24,5,52.75,True
SKU0179,2026-08-31,6,52.75,True
SKU0179,2026-09-07,7,52.75,True
SKU0179,2026-09-14,8,52.75,True
SKU0184,2026-07-27,1,40.0,True
SKU0184,2026-08-03,2,40.0,True
SKU0184,2026-08-10,3,40.0,True
SKU0184,2026-08-17,4,40.0,True
SKU0184,2026-08-24,5,40.0,True
SKU0184,2026-08-31,6,40.0,True
SKU0184,2026-09-07,7,40.0,True
SKU0184,2026-09-14,8,40.0,True
SKU0188,2026-07-27,1,65.75,True
SKU0188,2026-08-03,2,65.75,True
SKU0188,2026-08-10,3,65.75,True
SKU0188,2026-08-17,4,65.75,True
SKU0188,2026-08-24,5,65.75,True
SKU0188,2026-08-31,6,65.75,True
SKU0188,2026-09-07,7,65.75,True
SKU0188,2026-09-14,8,65.75,True
